{
  "status": "OK",
  "sample_index": 4,
  "sample_token": "c923fe08b2ff4e27975d2bf30934383b",
  "scene_token": "cc8c0bf57f984915a77078b10eb33198",
  "points_total": 34752,
  "box_label_histogram": {
    "car": 85,
    "truck": 3519,
    "trailer": 3022,
    "pedestrian": 1298,
    "traffic cone": 51,
    "barrier": 4078,
    "traffic light": 2
  },
  "sam_label_histogram": {
    "car": 64,
    "truck": 2164,
    "trailer": 1576,
    "pedestrian": 1173,
    "traffic cone": 20,
    "barrier": 2448,
    "traffic light": 1
  },
  "box_eval": {
    "assigned_points": 12055,
    "assigned_ratio": 0.3468865101289134,
    "mapped_assigned_points": 12053,
    "mapped_assigned_accuracy": 0.3430681158217871,
    "per_label": {
      "car": {
        "tp": 54,
        "pred": 85,
        "gt": 62,
        "precision": 0.6352941176470588,
        "recall": 0.8709677419354839,
        "iou": 0.5806451612903226
      },
      "truck": {
        "tp": 1882,
        "pred": 3519,
        "gt": 6057,
        "precision": 0.5348110258596193,
        "recall": 0.31071487535083375,
        "iou": 0.24460618663893943
      },
      "trailer": {
        "tp": 0,
        "pred": 3022,
        "gt": 0,
        "precision": 0.0,
        "recall": null,
        "iou": 0.0
      },
      "construction vehicle": {
        "tp": 0,
        "pred": 0,
        "gt": 5,
        "precision": null,
        "recall": 0.0,
        "iou": 0.0
      },
      "pedestrian": {
        "tp": 456,
        "pred": 1298,
        "gt": 766,
        "precision": 0.35130970724191063,
        "recall": 0.5953002610966057,
        "iou": 0.2835820895522388
      },
      "person": {
        "tp": 0,
        "pred": 0,
        "gt": 766,
        "precision": null,
        "recall": 0.0,
        "iou": 0.0
      },
      "bicycle": {
        "tp": 0,
        "pred": 0,
        "gt": 3,
        "precision": null,
        "recall": 0.0,
        "iou": 0.0
      },
      "traffic cone": {
        "tp": 10,
        "pred": 51,
        "gt": 11,
        "precision": 0.19607843137254902,
        "recall": 0.9090909090909091,
        "iou": 0.19230769230769232
      },
      "barrier": {
        "tp": 1733,
        "pred": 4078,
        "gt": 1785,
        "precision": 0.4249632172633644,
        "recall": 0.9708683473389356,
        "iou": 0.41961259079903146
      },
      "road": {
        "tp": 0,
        "pred": 0,
        "gt": 10777,
        "precision": null,
        "recall": 0.0,
        "iou": 0.0
      },
      "sidewalk": {
        "tp": 0,
        "pred": 0,
        "gt": 124,
        "precision": null,
        "recall": 0.0,
        "iou": 0.0
      },
      "building": {
        "tp": 0,
        "pred": 0,
        "gt": 2777,
        "precision": null,
        "recall": 0.0,
        "iou": 0.0
      },
      "vegetation": {
        "tp": 0,
        "pred": 0,
        "gt": 2798,
        "precision": null,
        "recall": 0.0,
        "iou": 0.0
      }
    }
  },
  "sam_eval": {
    "assigned_points": 7446,
    "assigned_ratio": 0.2142610497237569,
    "mapped_assigned_points": 7445,
    "mapped_assigned_accuracy": 0.49026192075218267,
    "per_label": {
      "car": {
        "tp": 50,
        "pred": 64,
        "gt": 62,
        "precision": 0.78125,
        "recall": 0.8064516129032258,
        "iou": 0.6578947368421053
      },
      "truck": {
        "tp": 1570,
        "pred": 2164,
        "gt": 6057,
        "precision": 0.7255083179297597,
        "recall": 0.2592042265147763,
        "iou": 0.23605472861223875
      },
      "trailer": {
        "tp": 0,
        "pred": 1576,
        "gt": 0,
        "precision": 0.0,
        "recall": null,
        "iou": 0.0
      },
      "construction vehicle": {
        "tp": 0,
        "pred": 0,
        "gt": 5,
        "precision": null,
        "recall": 0.0,
        "iou": 0.0
      },
      "pedestrian": {
        "tp": 420,
        "pred": 1173,
        "gt": 766,
        "precision": 0.35805626598465473,
        "recall": 0.5483028720626631,
        "iou": 0.2764976958525346
      },
      "person": {
        "tp": 0,
        "pred": 0,
        "gt": 766,
        "precision": null,
        "recall": 0.0,
        "iou": 0.0
      },
      "bicycle": {
        "tp": 0,
        "pred": 0,
        "gt": 3,
        "precision": null,
        "recall": 0.0,
        "iou": 0.0
      },
      "traffic cone": {
        "tp": 8,
        "pred": 20,
        "gt": 11,
        "precision": 0.4,
        "recall": 0.7272727272727273,
        "iou": 0.34782608695652173
      },
      "barrier": {
        "tp": 1602,
        "pred": 2448,
        "gt": 1785,
        "precision": 0.6544117647058824,
        "recall": 0.8974789915966387,
        "iou": 0.6088939566704675
      },
      "road": {
        "tp": 0,
        "pred": 0,
        "gt": 10777,
        "precision": null,
        "recall": 0.0,
        "iou": 0.0
      },
      "sidewalk": {
        "tp": 0,
        "pred": 0,
        "gt": 124,
        "precision": null,
        "recall": 0.0,
        "iou": 0.0
      },
      "building": {
        "tp": 0,
        "pred": 0,
        "gt": 2777,
        "precision": null,
        "recall": 0.0,
        "iou": 0.0
      },
      "vegetation": {
        "tp": 0,
        "pred": 0,
        "gt": 2798,
        "precision": null,
        "recall": 0.0,
        "iou": 0.0
      }
    }
  },
  "camera_summaries": [
    {
      "camera": "CAM_FRONT",
      "image": "samples/CAM_FRONT/n015-2018-07-24-11-22-45+0800__CAM_FRONT__1532402929662460.jpg",
      "projected_points": 2929,
      "regions": 12,
      "owl_labels": {
        "barrier": 1,
        "car": 7,
        "traffic light": 4
      },
      "final_labels": {
        "barrier": 1,
        "car": 7,
        "pedestrian": 1,
        "traffic light": 3
      }
    },
    {
      "camera": "CAM_FRONT_LEFT",
      "image": "samples/CAM_FRONT_LEFT/n015-2018-07-24-11-22-45+0800__CAM_FRONT_LEFT__1532402929654844.jpg",
      "projected_points": 3334,
      "regions": 5,
      "owl_labels": {
        "barrier": 1,
        "trailer": 1,
        "truck": 3
      },
      "final_labels": {
        "barrier": 1,
        "pedestrian": 1,
        "trailer": 1,
        "truck": 2
      }
    },
    {
      "camera": "CAM_FRONT_RIGHT",
      "image": "samples/CAM_FRONT_RIGHT/n015-2018-07-24-11-22-45+0800__CAM_FRONT_RIGHT__1532402929670339.jpg",
      "projected_points": 3396,
      "regions": 2,
      "owl_labels": {
        "barrier": 1,
        "car": 1
      },
      "final_labels": {
        "barrier": 1,
        "car": 1
      }
    },
    {
      "camera": "CAM_BACK",
      "image": "samples/CAM_BACK/n015-2018-07-24-11-22-45+0800__CAM_BACK__1532402929687525.jpg",
      "projected_points": 4588,
      "regions": 7,
      "owl_labels": {
        "barrier": 3,
        "car": 1,
        "pedestrian": 1,
        "traffic cone": 1,
        "truck": 1
      },
      "final_labels": {
        "barrier": 4,
        "pedestrian": 1,
        "traffic cone": 1,
        "truck": 1
      }
    },
    {
      "camera": "CAM_BACK_LEFT",
      "image": "samples/CAM_BACK_LEFT/n015-2018-07-24-11-22-45+0800__CAM_BACK_LEFT__1532402929697423.jpg",
      "projected_points": 4473,
      "regions": 3,
      "owl_labels": {
        "person": 2,
        "trailer": 1
      },
      "final_labels": {
        "pedestrian": 2,
        "trailer": 1
      }
    },
    {
      "camera": "CAM_BACK_RIGHT",
      "image": "samples/CAM_BACK_RIGHT/n015-2018-07-24-11-22-45+0800__CAM_BACK_RIGHT__1532402929677893.jpg",
      "projected_points": 3207,
      "regions": 4,
      "owl_labels": {
        "barrier": 2,
        "traffic cone": 2
      },
      "final_labels": {
        "barrier": 2,
        "traffic cone": 2
      }
    }
  ],
  "outputs": {
    "bev_box": "outputs/ovsam3d_ablation_hybrid_clip045_merge_person_nuscenes_mini/sample_004/bev_box_open_vocab_labels.png",