{
  "status": "OK",
  "sample_index": 2,
  "sample_token": "356d81f38dd9473ba590f39e266f54e5",
  "scene_token": "cc8c0bf57f984915a77078b10eb33198",
  "points_total": 34720,
  "box_label_histogram": {
    "car": 47,
    "trailer": 3183,
    "pedestrian": 57,
    "bicycle": 1,
    "traffic cone": 1732,
    "barrier": 317,
    "road sign": 24
  },
  "sam_label_histogram": {
    "car": 43,
    "trailer": 2509,
    "pedestrian": 37,
    "traffic cone": 932,
    "barrier": 112,
    "road sign": 22
  },
  "box_eval": {
    "assigned_points": 5361,
    "assigned_ratio": 0.15440668202764976,
    "mapped_assigned_points": 5337,
    "mapped_assigned_accuracy": 0.03709949409780776,
    "per_label": {
      "car": {
        "tp": 39,
        "pred": 47,
        "gt": 51,
        "precision": 0.8297872340425532,
        "recall": 0.7647058823529411,
        "iou": 0.6610169491525424
      },
      "truck": {
        "tp": 0,
        "pred": 0,
        "gt": 2726,
        "precision": null,
        "recall": 0.0,
        "iou": 0.0
      },
      "bus": {
        "tp": 0,
        "pred": 0,
        "gt": 3,
        "precision": null,
        "recall": 0.0,
        "iou": 0.0
      },
      "trailer": {
        "tp": 0,
        "pred": 3183,
        "gt": 0,
        "precision": 0.0,
        "recall": null,
        "iou": 0.0
      },
      "construction vehicle": {
        "tp": 0,
        "pred": 0,
        "gt": 7,
        "precision": null,
        "recall": 0.0,
        "iou": 0.0
      },
      "pedestrian": {
        "tp": 25,
        "pred": 57,
        "gt": 173,
        "precision": 0.43859649122807015,
        "recall": 0.14450867052023122,
        "iou": 0.12195121951219512
      },
      "person": {
        "tp": 0,
        "pred": 0,
        "gt": 173,
        "precision": null,
        "recall": 0.0,
        "iou": 0.0
      },
      "bicycle": {
        "tp": 0,
        "pred": 1,
        "gt": 2,
        "precision": 0.0,
        "recall": 0.0,
        "iou": 0.0
      },
      "traffic cone": {
        "tp": 9,
        "pred": 1732,
        "gt": 23,
        "precision": 0.005196304849884526,
        "recall": 0.391304347826087,
        "iou": 0.005154639175257732
      },
      "barrier": {
        "tp": 125,
        "pred": 317,
        "gt": 944,
        "precision": 0.3943217665615142,
        "recall": 0.13241525423728814,
        "iou": 0.11003521126760564
      },
      "road": {
        "tp": 0,
        "pred": 0,
        "gt": 12424,
        "precision": null,
        "recall": 0.0,
        "iou": 0.0
      },
      "sidewalk": {
        "tp": 0,
        "pred": 0,
        "gt": 460,
        "precision": null,
        "recall": 0.0,
        "iou": 0.0
      },
      "building": {
        "tp": 0,
        "pred": 0,
        "gt": 4057,
        "precision": null,
        "recall": 0.0,
        "iou": 0.0
      },
      "vegetation": {
        "tp": 0,
        "pred": 0,
        "gt": 3220,
        "precision": null,
        "recall": 0.0,
        "iou": 0.0
      }
    }
  },
  "sam_eval": {
    "assigned_points": 3655,
    "assigned_ratio": 0.10527073732718895,
    "mapped_assigned_points": 3633,
    "mapped_assigned_accuracy": 0.04596751995595926,
    "per_label": {
      "car": {
        "tp": 39,
        "pred": 43,
        "gt": 51,
        "precision": 0.9069767441860465,
        "recall": 0.7647058823529411,
        "iou": 0.7090909090909091
      },
      "truck": {
        "tp": 0,
        "pred": 0,
        "gt": 2726,
        "precision": null,
        "recall": 0.0,
        "iou": 0.0
      },
      "bus": {
        "tp": 0,
        "pred": 0,
        "gt": 3,
        "precision": null,
        "recall": 0.0,
        "iou": 0.0
      },
      "trailer": {
        "tp": 0,
        "pred": 2509,
        "gt": 0,
        "precision": 0.0,
        "recall": null,
        "iou": 0.0
      },
      "construction vehicle": {
        "tp": 0,
        "pred": 0,
        "gt": 7,
        "precision": null,
        "recall": 0.0,
        "iou": 0.0
      },
      "pedestrian": {
        "tp": 24,
        "pred": 37,
        "gt": 173,
        "precision": 0.6486486486486487,
        "recall": 0.13872832369942195,
        "iou": 0.12903225806451613
      },
      "person": {
        "tp": 0,
        "pred": 0,
        "gt": 173,
        "precision": null,
        "recall": 0.0,
        "iou": 0.0
      },
      "bicycle": {
        "tp": 0,
        "pred": 0,
        "gt": 2,
        "precision": null,
        "recall": 0.0,
        "iou": 0.0
      },
      "traffic cone": {
        "tp": 9,
        "pred": 932,
        "gt": 23,
        "precision": 0.009656652360515022,
        "recall": 0.391304347826087,
        "iou": 0.009513742071881607
      },
      "barrier": {
        "tp": 95,
        "pred": 112,
        "gt": 944,
        "precision": 0.8482142857142857,
        "recall": 0.10063559322033898,
        "iou": 0.09885535900104059
      },
      "road": {
        "tp": 0,
        "pred": 0,
        "gt": 12424,
        "precision": null,
        "recall": 0.0,
        "iou": 0.0
      },
      "sidewalk": {
        "tp": 0,
        "pred": 0,
        "gt": 460,
        "precision": null,
        "recall": 0.0,
        "iou": 0.0
      },
      "building": {
        "tp": 0,
        "pred": 0,
        "gt": 4057,
        "precision": null,
        "recall": 0.0,
        "iou": 0.0
      },
      "vegetation": {
        "tp": 0,
        "pred": 0,
        "gt": 3220,
        "precision": null,
        "recall": 0.0,
        "iou": 0.0
      }
    }
  },
  "camera_summaries": [
    {
      "camera": "CAM_FRONT",
      "image": "samples/CAM_FRONT/n015-2018-07-24-11-22-45+0800__CAM_FRONT__1532402928662460.jpg",
      "projected_points": 2918,
      "regions": 12,
      "owl_labels": {
        "barrier": 1,
        "car": 8,
        "pedestrian": 1,
        "person": 1,
        "traffic light": 1
      },
      "final_labels": {
        "barrier": 1,
        "car": 6,
        "pedestrian": 2,
        "traffic cone": 1,
        "traffic light": 1,
        "trailer": 1
      }
    },
    {
      "camera": "CAM_FRONT_LEFT",
      "image": "samples/CAM_FRONT_LEFT/n015-2018-07-24-11-22-45+0800__CAM_FRONT_LEFT__1532402928654844.jpg",
      "projected_points": 3652,
      "regions": 4,
      "owl_labels": {
        "person": 1,
        "truck": 3
      },
      "final_labels": {
        "pedestrian": 1,
        "trailer": 3
      }
    },
    {
      "camera": "CAM_FRONT_RIGHT",
      "image": "samples/CAM_FRONT_RIGHT/n015-2018-07-24-11-22-45+0800__CAM_FRONT_RIGHT__1532402928670339.jpg",
      "projected_points": 3235,
      "regions": 1,
      "owl_labels": {
        "barrier": 1
      },
      "final_labels": {
        "traffic cone": 1
      }
    },
    {
      "camera": "CAM_BACK",
      "image": "samples/CAM_BACK/n015-2018-07-24-11-22-45+0800__CAM_BACK__1532402928687525.jpg",
      "projected_points": 4938,
      "regions": 5,
      "owl_labels": {
        "barrier": 1,
        "bicycle": 1,
        "pedestrian": 3
      },
      "final_labels": {
        "barrier": 1,
        "bicycle": 1,
        "pedestrian": 3
      }
    },
    {
      "camera": "CAM_BACK_LEFT",
      "image": "samples/CAM_BACK_LEFT/n015-2018-07-24-11-22-45+0800__CAM_BACK_LEFT__1532402928697423.jpg",
      "projected_points": 4327,
      "regions": 2,
      "owl_labels": {
        "road sign": 2
      },
      "final_labels": {
        "barrier": 1,
        "road sign": 1
      }
    },
    {
      "camera": "CAM_BACK_RIGHT",
      "image": "samples/CAM_BACK_RIGHT/n015-2018-07-24-11-22-45+0800__CAM_BACK_RIGHT__1532402928677893.jpg",
      "projected_points": 3316,
      "regions": 2,
      "owl_labels": {
        "traffic cone": 2
      },
      "final_labels": {
        "traffic cone": 2
      }
    }
  ],
  "outputs": {
    "bev_box": "outputs/ovsam3d_ablation_hybrid_clip030_merge_person_nuscenes_mini/sample_002/bev_box_open_vocab_labels.png",