{
  "status": "OK",
  "sample_index": 1,
  "sample_token": "39586f9d59004284a7114a68825e8eec",
  "scene_token": "cc8c0bf57f984915a77078b10eb33198",
  "points_total": 34720,
  "box_label_histogram": {
    "car": 34,
    "truck": 625,
    "trailer": 3288,
    "pedestrian": 92,
    "traffic cone": 75,
    "barrier": 4028,
    "road sign": 29,
    "road": 4706
  },
  "sam_label_histogram": {
    "car": 67,
    "truck": 459,
    "trailer": 1721,
    "pedestrian": 90,
    "bicycle": 8,
    "traffic cone": 29,
    "barrier": 3281,
    "road sign": 17,
    "traffic light": 12,
    "road": 2928
  },
  "box_eval": {
    "assigned_points": 12877,
    "assigned_ratio": 0.37088133640552995,
    "mapped_assigned_points": 12848,
    "mapped_assigned_accuracy": 0.23046388542963886,
    "per_label": {
      "car": {
        "tp": 17,
        "pred": 34,
        "gt": 37,
        "precision": 0.5,
        "recall": 0.4594594594594595,
        "iou": 0.3148148148148148
      },
      "truck": {
        "tp": 449,
        "pred": 625,
        "gt": 1062,
        "precision": 0.7184,
        "recall": 0.4227871939736347,
        "iou": 0.36268174474959614
      },
      "trailer": {
        "tp": 0,
        "pred": 3288,
        "gt": 0,
        "precision": 0.0,
        "recall": null,
        "iou": 0.0
      },
      "construction vehicle": {
        "tp": 0,
        "pred": 0,
        "gt": 8,
        "precision": null,
        "recall": 0.0,
        "iou": 0.0
      },
      "pedestrian": {
        "tp": 8,
        "pred": 92,
        "gt": 97,
        "precision": 0.08695652173913043,
        "recall": 0.08247422680412371,
        "iou": 0.04419889502762431
      },
      "person": {
        "tp": 0,
        "pred": 0,
        "gt": 97,
        "precision": null,
        "recall": 0.0,
        "iou": 0.0
      },
      "bicycle": {
        "tp": 0,
        "pred": 0,
        "gt": 2,
        "precision": null,
        "recall": 0.0,
        "iou": 0.0
      },
      "traffic cone": {
        "tp": 18,
        "pred": 75,
        "gt": 25,
        "precision": 0.24,
        "recall": 0.72,
        "iou": 0.21951219512195122
      },
      "barrier": {
        "tp": 402,
        "pred": 4028,
        "gt": 469,
        "precision": 0.09980139026812314,
        "recall": 0.8571428571428571,
        "iou": 0.09816849816849817
      },
      "road": {
        "tp": 2067,
        "pred": 4706,
        "gt": 12508,
        "precision": 0.43922651933701656,
        "recall": 0.1652542372881356,
        "iou": 0.13646266587443057
      },
      "sidewalk": {
        "tp": 0,
        "pred": 0,
        "gt": 684,
        "precision": null,
        "recall": 0.0,
        "iou": 0.0
      },
      "building": {
        "tp": 0,
        "pred": 0,
        "gt": 4804,
        "precision": null,
        "recall": 0.0,
        "iou": 0.0
      },
      "vegetation": {
        "tp": 0,
        "pred": 0,
        "gt": 3520,
        "precision": null,
        "recall": 0.0,
        "iou": 0.0
      }
    }
  },
  "sam_eval": {
    "assigned_points": 8612,
    "assigned_ratio": 0.24804147465437787,
    "mapped_assigned_points": 8583,
    "mapped_assigned_accuracy": 0.341139461726669,
    "per_label": {
      "car": {
        "tp": 32,
        "pred": 67,
        "gt": 37,
        "precision": 0.47761194029850745,
        "recall": 0.8648648648648649,
        "iou": 0.4444444444444444
      },
      "truck": {
        "tp": 436,
        "pred": 459,
        "gt": 1062,
        "precision": 0.9498910675381264,
        "recall": 0.4105461393596987,
        "iou": 0.40184331797235023
      },
      "trailer": {
        "tp": 0,
        "pred": 1721,
        "gt": 0,
        "precision": 0.0,
        "recall": null,
        "iou": 0.0
      },
      "construction vehicle": {
        "tp": 0,
        "pred": 0,
        "gt": 8,
        "precision": null,
        "recall": 0.0,
        "iou": 0.0
      },
      "pedestrian": {
        "tp": 19,
        "pred": 90,
        "gt": 97,
        "precision": 0.2111111111111111,
        "recall": 0.1958762886597938,
        "iou": 0.1130952380952381
      },
      "person": {
        "tp": 0,
        "pred": 0,
        "gt": 97,
        "precision": null,
        "recall": 0.0,
        "iou": 0.0
      },
      "bicycle": {
        "tp": 0,
        "pred": 8,
        "gt": 2,
        "precision": 0.0,
        "recall": 0.0,
        "iou": 0.0
      },
      "traffic cone": {
        "tp": 16,
        "pred": 29,
        "gt": 25,
        "precision": 0.5517241379310345,
        "recall": 0.64,
        "iou": 0.42105263157894735
      },
      "barrier": {
        "tp": 438,
        "pred": 3281,
        "gt": 469,
        "precision": 0.13349588540079244,
        "recall": 0.9339019189765458,
        "iou": 0.1322463768115942
      },
      "road": {
        "tp": 1987,
        "pred": 2928,
        "gt": 12508,
        "precision": 0.6786202185792349,
        "recall": 0.15885833066837224,
        "iou": 0.14774332664138598
      },
      "sidewalk": {
        "tp": 0,
        "pred": 0,
        "gt": 684,
        "precision": null,
        "recall": 0.0,
        "iou": 0.0
      },
      "building": {
        "tp": 0,
        "pred": 0,
        "gt": 4804,
        "precision": null,
        "recall": 0.0,
        "iou": 0.0
      },
      "vegetation": {
        "tp": 0,
        "pred": 0,
        "gt": 3520,
        "precision": null,
        "recall": 0.0,
        "iou": 0.0
      }
    }
  },
  "camera_summaries": [
    {
      "camera": "CAM_FRONT",
      "image": "samples/CAM_FRONT/n015-2018-07-24-11-22-45+0800__CAM_FRONT__1532402928112460.jpg",
      "projected_points": 2977,
      "regions": 12,
      "owl_labels": {
        "barrier": 1,
        "car": 8,
        "traffic light": 1,
        "truck": 2
      },
      "final_labels": {
        "barrier": 1,
        "car": 9,
        "traffic light": 1,
        "truck": 1
      }
    },
    {
      "camera": "CAM_FRONT_LEFT",
      "image": "samples/CAM_FRONT_LEFT/n015-2018-07-24-11-22-45+0800__CAM_FRONT_LEFT__1532402928104844.jpg",
      "projected_points": 3730,
      "regions": 10,
      "owl_labels": {
        "barrier": 3,
        "person": 1,
        "road sign": 1,
        "trailer": 3,
        "truck": 2
      },
      "final_labels": {
        "barrier": 3,
        "pedestrian": 1,
        "road sign": 1,
        "trailer": 2,
        "truck": 3
      }
    },
    {
      "camera": "CAM_FRONT_RIGHT",
      "image": "samples/CAM_FRONT_RIGHT/n015-2018-07-24-11-22-45+0800__CAM_FRONT_RIGHT__1532402928120339.jpg",
      "projected_points": 3208,
      "regions": 12,
      "owl_labels": {
        "barrier": 6,
        "car": 2,
        "road sign": 2,
        "traffic cone": 2
      },
      "final_labels": {
        "barrier": 6,
        "car": 2,
        "road sign": 2,
        "traffic cone": 2
      }
    },
    {
      "camera": "CAM_BACK",
      "image": "samples/CAM_BACK/n015-2018-07-24-11-22-45+0800__CAM_BACK__1532402928137525.jpg",
      "projected_points": 4884,
      "regions": 12,
      "owl_labels": {
        "barrier": 1,
        "bicycle": 2,
        "car": 6,
        "pedestrian": 1,
        "person": 1,
        "traffic light": 1
      },
      "final_labels": {
        "barrier": 2,
        "bicycle": 2,
        "car": 4,
        "pedestrian": 2,
        "road": 1,
        "traffic light": 1
      }
    },
    {
      "camera": "CAM_BACK_LEFT",
      "image": "samples/CAM_BACK_LEFT/n015-2018-07-24-11-22-45+0800__CAM_BACK_LEFT__1532402928147423.jpg",
      "projected_points": 4284,
      "regions": 3,
      "owl_labels": {
        "person": 1,
        "road sign": 2
      },
      "final_labels": {
        "pedestrian": 2,
        "road sign": 1
      }
    },
    {
      "camera": "CAM_BACK_RIGHT",
      "image": "samples/CAM_BACK_RIGHT/n015-2018-07-24-11-22-45+0800__CAM_BACK_RIGHT__1532402928127893.jpg",
      "projected_points": 3429,
      "regions": 6,