{
  "status": "OK",
  "sample_index": 1,
  "sample_token": "39586f9d59004284a7114a68825e8eec",
  "scene_token": "cc8c0bf57f984915a77078b10eb33198",
  "points_total": 34720,
  "box_label_histogram": {
    "car": 34,
    "truck": 625,
    "trailer": 2488,
    "pedestrian": 105,
    "traffic cone": 78,
    "barrier": 4812,
    "road sign": 20,
    "traffic light": 9,
    "road": 4706
  },
  "sam_label_histogram": {
    "car": 66,
    "truck": 459,
    "trailer": 1719,
    "pedestrian": 153,
    "bicycle": 5,
    "traffic cone": 31,
    "barrier": 3222,
    "road sign": 17,
    "traffic light": 12,
    "road": 2928
  },
  "box_eval": {
    "assigned_points": 12877,
    "assigned_ratio": 0.37088133640552995,
    "mapped_assigned_points": 12848,
    "mapped_assigned_accuracy": 0.23085305105853052,
    "per_label": {
      "car": {
        "tp": 17,
        "pred": 34,
        "gt": 37,
        "precision": 0.5,
        "recall": 0.4594594594594595,
        "iou": 0.3148148148148148
      },
      "truck": {
        "tp": 449,
        "pred": 625,
        "gt": 1062,
        "precision": 0.7184,
        "recall": 0.4227871939736347,
        "iou": 0.36268174474959614
      },
      "trailer": {
        "tp": 0,
        "pred": 2488,
        "gt": 0,
        "precision": 0.0,
        "recall": null,
        "iou": 0.0
      },
      "construction vehicle": {
        "tp": 0,
        "pred": 0,
        "gt": 8,
        "precision": null,
        "recall": 0.0,
        "iou": 0.0
      },
      "pedestrian": {
        "tp": 13,
        "pred": 105,
        "gt": 97,
        "precision": 0.12380952380952381,
        "recall": 0.13402061855670103,
        "iou": 0.06878306878306878
      },
      "person": {
        "tp": 0,
        "pred": 0,
        "gt": 97,
        "precision": null,
        "recall": 0.0,
        "iou": 0.0
      },
      "bicycle": {
        "tp": 0,
        "pred": 0,
        "gt": 2,
        "precision": null,
        "recall": 0.0,
        "iou": 0.0
      },
      "traffic cone": {
        "tp": 18,
        "pred": 78,
        "gt": 25,
        "precision": 0.23076923076923078,
        "recall": 0.72,
        "iou": 0.21176470588235294
      },
      "barrier": {
        "tp": 402,
        "pred": 4812,
        "gt": 469,
        "precision": 0.08354114713216958,
        "recall": 0.8571428571428571,
        "iou": 0.0823939331830293
      },
      "road": {
        "tp": 2067,
        "pred": 4706,
        "gt": 12508,
        "precision": 0.43922651933701656,
        "recall": 0.1652542372881356,
        "iou": 0.13646266587443057
      },
      "sidewalk": {
        "tp": 0,
        "pred": 0,
        "gt": 684,
        "precision": null,
        "recall": 0.0,
        "iou": 0.0
      },
      "building": {
        "tp": 0,
        "pred": 0,
        "gt": 4804,
        "precision": null,
        "recall": 0.0,
        "iou": 0.0
      },
      "vegetation": {
        "tp": 0,
        "pred": 0,
        "gt": 3520,
        "precision": null,
        "recall": 0.0,
        "iou": 0.0
      }
    }
  },
  "sam_eval": {
    "assigned_points": 8612,
    "assigned_ratio": 0.24804147465437787,
    "mapped_assigned_points": 8583,
    "mapped_assigned_accuracy": 0.33601304905044854,
    "per_label": {
      "car": {
        "tp": 31,
        "pred": 66,
        "gt": 37,
        "precision": 0.4696969696969697,
        "recall": 0.8378378378378378,
        "iou": 0.4305555555555556
      },
      "truck": {
        "tp": 436,
        "pred": 459,
        "gt": 1062,
        "precision": 0.9498910675381264,
        "recall": 0.4105461393596987,
        "iou": 0.40184331797235023
      },
      "trailer": {
        "tp": 0,
        "pred": 1719,
        "gt": 0,
        "precision": 0.0,
        "recall": null,
        "iou": 0.0
      },
      "construction vehicle": {
        "tp": 0,
        "pred": 0,
        "gt": 8,
        "precision": null,
        "recall": 0.0,
        "iou": 0.0
      },
      "pedestrian": {
        "tp": 18,
        "pred": 153,
        "gt": 97,
        "precision": 0.11764705882352941,
        "recall": 0.18556701030927836,
        "iou": 0.07758620689655173
      },
      "person": {
        "tp": 0,
        "pred": 0,
        "gt": 97,
        "precision": null,
        "recall": 0.0,
        "iou": 0.0
      },
      "bicycle": {
        "tp": 0,
        "pred": 5,
        "gt": 2,
        "precision": 0.0,
        "recall": 0.0,
        "iou": 0.0
      },
      "traffic cone": {
        "tp": 16,
        "pred": 31,
        "gt": 25,
        "precision": 0.5161290322580645,
        "recall": 0.64,
        "iou": 0.4
      },
      "barrier": {
        "tp": 396,
        "pred": 3222,
        "gt": 469,
        "precision": 0.12290502793296089,
        "recall": 0.8443496801705757,
        "iou": 0.12018209408194233
      },
      "road": {
        "tp": 1987,
        "pred": 2928,
        "gt": 12508,
        "precision": 0.6786202185792349,
        "recall": 0.15885833066837224,
        "iou": 0.14774332664138598
      },
      "sidewalk": {
        "tp": 0,
        "pred": 0,
        "gt": 684,
        "precision": null,
        "recall": 0.0,
        "iou": 0.0
      },
      "building": {
        "tp": 0,
        "pred": 0,
        "gt": 4804,
        "precision": null,
        "recall": 0.0,
        "iou": 0.0
      },
      "vegetation": {
        "tp": 0,
        "pred": 0,
        "gt": 3520,
        "precision": null,
        "recall": 0.0,
        "iou": 0.0
      }
    }
  },
  "camera_summaries": [
    {
      "camera": "CAM_FRONT",
      "image": "samples/CAM_FRONT/n015-2018-07-24-11-22-45+0800__CAM_FRONT__1532402928112460.jpg",
      "projected_points": 2977,
      "regions": 12,
      "owl_labels": {
        "barrier": 1,
        "car": 8,
        "traffic light": 1,
        "truck": 2
      },
      "final_labels": {
        "barrier": 1,
        "car": 9,
        "traffic light": 1,
        "truck": 1
      }
    },
    {
      "camera": "CAM_FRONT_LEFT",
      "image": "samples/CAM_FRONT_LEFT/n015-2018-07-24-11-22-45+0800__CAM_FRONT_LEFT__1532402928104844.jpg",
      "projected_points": 3730,
      "regions": 10,
      "owl_labels": {
        "barrier": 3,
        "person": 1,
        "road sign": 1,
        "trailer": 3,
        "truck": 2
      },
      "final_labels": {
        "barrier": 3,
        "pedestrian": 1,
        "road sign": 1,
        "trailer": 2,
        "truck": 3
      }
    },
    {
      "camera": "CAM_FRONT_RIGHT",
      "image": "samples/CAM_FRONT_RIGHT/n015-2018-07-24-11-22-45+0800__CAM_FRONT_RIGHT__1532402928120339.jpg",
      "projected_points": 3208,
      "regions": 12,
      "owl_labels": {
        "barrier": 6,
        "car": 2,
        "road sign": 2,
        "traffic cone": 2
      },
      "final_labels": {
        "barrier": 6,
        "car": 2,
        "road sign": 2,
        "traffic cone": 2
      }
    },
    {
      "camera": "CAM_BACK",
      "image": "samples/CAM_BACK/n015-2018-07-24-11-22-45+0800__CAM_BACK__1532402928137525.jpg",
      "projected_points": 4884,
      "regions": 12,
      "owl_labels": {
        "barrier": 1,
        "bicycle": 2,
        "car": 6,
        "pedestrian": 1,
        "person": 1,
        "traffic light": 1
      },
      "final_labels": {
        "barrier": 2,
        "bicycle": 1,
        "car": 3,
        "pedestrian": 4,
        "road": 1,
        "traffic light": 1
      }
    },
    {
      "camera": "CAM_BACK_LEFT",
      "image": "samples/CAM_BACK_LEFT/n015-2018-07-24-11-22-45+0800__CAM_BACK_LEFT__1532402928147423.jpg",
      "projected_points": 4284,
      "regions": 3,
      "owl_labels": {
        "person": 1,
        "road sign": 2
      },
      "final_labels": {
        "pedestrian": 2,
        "traffic light": 1
      }
    },
    {
      "camera": "CAM_BACK_RIGHT",
      "image": "samples/CAM_BACK_RIGHT/n015-2018-07-24-11-22-45+0800__CAM_BACK_RIGHT__1532402928127893.jpg",