{
  "status": "OK",
  "sample_index": 3,
  "sample_token": "e0845f5322254dafadbbed75aaa07969",
  "scene_token": "cc8c0bf57f984915a77078b10eb33198",
  "points_total": 34688,
  "box_label_histogram": {
    "car": 37,
    "truck": 1402,
    "trailer": 3101,
    "construction vehicle": 577,
    "pedestrian": 1619,
    "traffic cone": 66,
    "barrier": 4546,
    "traffic light": 1
  },
  "sam_label_histogram": {
    "car": 31,
    "truck": 2192,
    "trailer": 2603,
    "construction vehicle": 427,
    "pedestrian": 512,
    "traffic cone": 29,
    "barrier": 3406
  },
  "box_eval": {
    "assigned_points": 11349,
    "assigned_ratio": 0.3271736623616236,
    "mapped_assigned_points": 11348,
    "mapped_assigned_accuracy": 0.19659851956291857,
    "per_label": {
      "car": {
        "tp": 27,
        "pred": 37,
        "gt": 40,
        "precision": 0.7297297297297297,
        "recall": 0.675,
        "iou": 0.54
      },
      "truck": {
        "tp": 729,
        "pred": 1402,
        "gt": 5900,
        "precision": 0.5199714693295292,
        "recall": 0.1235593220338983,
        "iou": 0.11090826106800547
      },
      "bus": {
        "tp": 0,
        "pred": 0,
        "gt": 1,
        "precision": null,
        "recall": 0.0,
        "iou": 0.0
      },
      "trailer": {
        "tp": 0,
        "pred": 3101,
        "gt": 0,
        "precision": 0.0,
        "recall": null,
        "iou": 0.0
      },
      "construction vehicle": {
        "tp": 0,
        "pred": 577,
        "gt": 8,
        "precision": 0.0,
        "recall": 0.0,
        "iou": 0.0
      },
      "pedestrian": {
        "tp": 320,
        "pred": 1619,
        "gt": 409,
        "precision": 0.19765287214329832,
        "recall": 0.78239608801956,
        "iou": 0.1873536299765808
      },
      "person": {
        "tp": 0,
        "pred": 0,
        "gt": 409,
        "precision": null,
        "recall": 0.0,
        "iou": 0.0
      },
      "bicycle": {
        "tp": 0,
        "pred": 0,
        "gt": 2,
        "precision": null,
        "recall": 0.0,
        "iou": 0.0
      },
      "traffic cone": {
        "tp": 22,
        "pred": 66,
        "gt": 29,
        "precision": 0.3333333333333333,
        "recall": 0.7586206896551724,
        "iou": 0.3013698630136986
      },
      "barrier": {
        "tp": 1133,
        "pred": 4546,
        "gt": 1562,
        "precision": 0.24923009238891333,
        "recall": 0.7253521126760564,
        "iou": 0.2277386934673367
      },
      "road": {
        "tp": 0,
        "pred": 0,
        "gt": 11124,
        "precision": null,
        "recall": 0.0,
        "iou": 0.0
      },
      "sidewalk": {
        "tp": 0,
        "pred": 0,
        "gt": 192,
        "precision": null,
        "recall": 0.0,
        "iou": 0.0
      },
      "building": {
        "tp": 0,
        "pred": 0,
        "gt": 3174,
        "precision": null,
        "recall": 0.0,
        "iou": 0.0
      },
      "vegetation": {
        "tp": 0,
        "pred": 0,
        "gt": 2773,
        "precision": null,
        "recall": 0.0,
        "iou": 0.0
      }
    }
  },
  "sam_eval": {
    "assigned_points": 9200,
    "assigned_ratio": 0.26522140221402213,
    "mapped_assigned_points": 9200,
    "mapped_assigned_accuracy": 0.3126086956521739,
    "per_label": {
      "car": {
        "tp": 26,
        "pred": 31,
        "gt": 40,
        "precision": 0.8387096774193549,
        "recall": 0.65,
        "iou": 0.5777777777777777
      },
      "truck": {
        "tp": 1433,
        "pred": 2192,
        "gt": 5900,
        "precision": 0.6537408759124088,
        "recall": 0.2428813559322034,
        "iou": 0.21519747709866346
      },
      "bus": {
        "tp": 0,
        "pred": 0,
        "gt": 1,
        "precision": null,
        "recall": 0.0,
        "iou": 0.0
      },
      "trailer": {
        "tp": 0,
        "pred": 2603,
        "gt": 0,
        "precision": 0.0,
        "recall": null,
        "iou": 0.0
      },
      "construction vehicle": {
        "tp": 0,
        "pred": 427,
        "gt": 8,
        "precision": 0.0,
        "recall": 0.0,
        "iou": 0.0
      },
      "pedestrian": {
        "tp": 288,
        "pred": 512,
        "gt": 409,
        "precision": 0.5625,
        "recall": 0.7041564792176039,
        "iou": 0.4549763033175355
      },
      "person": {
        "tp": 0,
        "pred": 0,
        "gt": 409,
        "precision": null,
        "recall": 0.0,
        "iou": 0.0
      },
      "bicycle": {
        "tp": 0,
        "pred": 0,
        "gt": 2,
        "precision": null,
        "recall": 0.0,
        "iou": 0.0
      },
      "traffic cone": {
        "tp": 16,
        "pred": 29,
        "gt": 29,
        "precision": 0.5517241379310345,
        "recall": 0.5517241379310345,
        "iou": 0.38095238095238093
      },
      "barrier": {
        "tp": 1113,
        "pred": 3406,
        "gt": 1562,
        "precision": 0.32677627715795654,
        "recall": 0.7125480153649167,
        "iou": 0.28871595330739297
      },
      "road": {
        "tp": 0,
        "pred": 0,
        "gt": 11124,
        "precision": null,
        "recall": 0.0,
        "iou": 0.0
      },
      "sidewalk": {
        "tp": 0,
        "pred": 0,
        "gt": 192,
        "precision": null,
        "recall": 0.0,
        "iou": 0.0
      },
      "building": {
        "tp": 0,
        "pred": 0,
        "gt": 3174,
        "precision": null,
        "recall": 0.0,
        "iou": 0.0
      },
      "vegetation": {
        "tp": 0,
        "pred": 0,
        "gt": 2773,
        "precision": null,
        "recall": 0.0,
        "iou": 0.0
      }
    }
  },
  "camera_summaries": [
    {
      "camera": "CAM_FRONT",
      "image": "samples/CAM_FRONT/n015-2018-07-24-11-22-45+0800__CAM_FRONT__1532402929162460.jpg",
      "projected_points": 2843,
      "regions": 12,
      "owl_labels": {
        "barrier": 1,
        "bus": 1,
        "car": 8,
        "traffic light": 2
      },
      "final_labels": {
        "barrier": 3,
        "car": 3,
        "pedestrian": 1,
        "traffic light": 3,
        "trailer": 2
      }
    },
    {
      "camera": "CAM_FRONT_LEFT",
      "image": "samples/CAM_FRONT_LEFT/n015-2018-07-24-11-22-45+0800__CAM_FRONT_LEFT__1532402929154844.jpg",
      "projected_points": 3437,
      "regions": 12,
      "owl_labels": {
        "person": 3,
        "trailer": 1,
        "truck": 8
      },
      "final_labels": {
        "barrier": 3,
        "pedestrian": 3,
        "trailer": 2,
        "truck": 4
      }
    },
    {
      "camera": "CAM_FRONT_RIGHT",
      "image": "samples/CAM_FRONT_RIGHT/n015-2018-07-24-11-22-45+0800__CAM_FRONT_RIGHT__1532402929170339.jpg",
      "projected_points": 3289,
      "regions": 4,
      "owl_labels": {
        "barrier": 2,
        "car": 2
      },
      "final_labels": {
        "barrier": 4
      }
    },
    {
      "camera": "CAM_BACK",
      "image": "samples/CAM_BACK/n015-2018-07-24-11-22-45+0800__CAM_BACK__1532402929187525.jpg",
      "projected_points": 4865,
      "regions": 0,
      "owl_labels": {},
      "final_labels": {}
    },
    {
      "camera": "CAM_BACK_LEFT",
      "image": "samples/CAM_BACK_LEFT/n015-2018-07-24-11-22-45+0800__CAM_BACK_LEFT__1532402929197423.jpg",
      "projected_points": 4531,
      "regions": 5,
      "owl_labels": {
        "person": 3,
        "truck": 2
      },
      "final_labels": {
        "pedestrian": 3,
        "trailer": 1,
        "truck": 1
      }
    },
    {
      "camera": "CAM_BACK_RIGHT",
      "image": "samples/CAM_BACK_RIGHT/n015-2018-07-24-11-22-45+0800__CAM_BACK_RIGHT__1532402929177893.jpg",
      "projected_points": 3284,
      "regions": 7,
      "owl_labels": {
        "barrier": 5,
        "road sign": 1,
        "traffic cone": 1
      },
      "final_labels": {
        "barrier": 3,
        "construction vehicle": 2,
        "traffic cone": 2
      }
    }
  ],