{
  "status": "OK",
  "sample_index": 3,
  "sample_token": "e0845f5322254dafadbbed75aaa07969",
  "scene_token": "cc8c0bf57f984915a77078b10eb33198",
  "points_total": 34688,
  "box_label_histogram": {
    "car": 49,
    "truck": 7386,
    "bus": 24,
    "pedestrian": 15,
    "traffic cone": 61,
    "barrier": 3808,
    "road sign": 5,
    "traffic light": 1
  },
  "sam_label_histogram": {
    "car": 47,
    "truck": 5940,
    "bus": 53,
    "trailer": 27,
    "pedestrian": 450,
    "traffic cone": 24,
    "barrier": 2654,
    "road sign": 5
  },
  "box_eval": {
    "assigned_points": 11349,
    "assigned_ratio": 0.3271736623616236,
    "mapped_assigned_points": 11343,
    "mapped_assigned_accuracy": 0.6048664374504099,
    "per_label": {
      "car": {
        "tp": 27,
        "pred": 49,
        "gt": 40,
        "precision": 0.5510204081632653,
        "recall": 0.675,
        "iou": 0.43548387096774194
      },
      "truck": {
        "tp": 5275,
        "pred": 7386,
        "gt": 5900,
        "precision": 0.714189006227999,
        "recall": 0.8940677966101694,
        "iou": 0.6584696042940956
      },
      "bus": {
        "tp": 0,
        "pred": 24,
        "gt": 1,
        "precision": 0.0,
        "recall": 0.0,
        "iou": 0.0
      },
      "construction vehicle": {
        "tp": 0,
        "pred": 0,
        "gt": 8,
        "precision": null,
        "recall": 0.0,
        "iou": 0.0
      },
      "pedestrian": {
        "tp": 0,
        "pred": 15,
        "gt": 409,
        "precision": 0.0,
        "recall": 0.0,
        "iou": 0.0
      },
      "person": {
        "tp": 0,
        "pred": 0,
        "gt": 409,
        "precision": null,
        "recall": 0.0,
        "iou": 0.0
      },
      "bicycle": {
        "tp": 0,
        "pred": 0,
        "gt": 2,
        "precision": null,
        "recall": 0.0,
        "iou": 0.0
      },
      "traffic cone": {
        "tp": 22,
        "pred": 61,
        "gt": 29,
        "precision": 0.36065573770491804,
        "recall": 0.7586206896551724,
        "iou": 0.3235294117647059
      },
      "barrier": {
        "tp": 1537,
        "pred": 3808,
        "gt": 1562,
        "precision": 0.40362394957983194,
        "recall": 0.9839948783610756,
        "iou": 0.4009913905557005
      },
      "road": {
        "tp": 0,
        "pred": 0,
        "gt": 11124,
        "precision": null,
        "recall": 0.0,
        "iou": 0.0
      },
      "sidewalk": {
        "tp": 0,
        "pred": 0,
        "gt": 192,
        "precision": null,
        "recall": 0.0,
        "iou": 0.0
      },
      "building": {
        "tp": 0,
        "pred": 0,
        "gt": 3174,
        "precision": null,
        "recall": 0.0,
        "iou": 0.0
      },
      "vegetation": {
        "tp": 0,
        "pred": 0,
        "gt": 2773,
        "precision": null,
        "recall": 0.0,
        "iou": 0.0
      }
    }
  },
  "sam_eval": {
    "assigned_points": 9200,
    "assigned_ratio": 0.26522140221402213,
    "mapped_assigned_points": 9195,
    "mapped_assigned_accuracy": 0.7064709081022295,
    "per_label": {
      "car": {
        "tp": 31,
        "pred": 47,
        "gt": 40,
        "precision": 0.6595744680851063,
        "recall": 0.775,
        "iou": 0.5535714285714286
      },
      "truck": {
        "tp": 4708,
        "pred": 5940,
        "gt": 5900,
        "precision": 0.7925925925925926,
        "recall": 0.7979661016949152,
        "iou": 0.6601233875490746
      },
      "bus": {
        "tp": 0,
        "pred": 53,
        "gt": 1,
        "precision": 0.0,
        "recall": 0.0,
        "iou": 0.0
      },
      "trailer": {
        "tp": 0,
        "pred": 27,
        "gt": 0,
        "precision": 0.0,
        "recall": null,
        "iou": 0.0
      },
      "construction vehicle": {
        "tp": 0,
        "pred": 0,
        "gt": 8,
        "precision": null,
        "recall": 0.0,
        "iou": 0.0
      },
      "pedestrian": {
        "tp": 272,
        "pred": 450,
        "gt": 409,
        "precision": 0.6044444444444445,
        "recall": 0.6650366748166259,
        "iou": 0.46337308347529815
      },
      "person": {
        "tp": 0,
        "pred": 0,
        "gt": 409,
        "precision": null,
        "recall": 0.0,
        "iou": 0.0
      },
      "bicycle": {
        "tp": 0,
        "pred": 0,
        "gt": 2,
        "precision": null,
        "recall": 0.0,
        "iou": 0.0
      },
      "traffic cone": {
        "tp": 16,
        "pred": 24,
        "gt": 29,
        "precision": 0.6666666666666666,
        "recall": 0.5517241379310345,
        "iou": 0.43243243243243246
      },
      "barrier": {
        "tp": 1469,
        "pred": 2654,
        "gt": 1562,
        "precision": 0.5535041446872645,
        "recall": 0.940460947503201,
        "iou": 0.5347651983982527
      },
      "road": {
        "tp": 0,
        "pred": 0,
        "gt": 11124,
        "precision": null,
        "recall": 0.0,
        "iou": 0.0
      },
      "sidewalk": {
        "tp": 0,
        "pred": 0,
        "gt": 192,
        "precision": null,
        "recall": 0.0,
        "iou": 0.0
      },
      "building": {
        "tp": 0,
        "pred": 0,
        "gt": 3174,
        "precision": null,
        "recall": 0.0,
        "iou": 0.0
      },
      "vegetation": {
        "tp": 0,
        "pred": 0,
        "gt": 2773,
        "precision": null,
        "recall": 0.0,
        "iou": 0.0
      }
    }
  },
  "camera_summaries": [
    {
      "camera": "CAM_FRONT",
      "image": "samples/CAM_FRONT/n015-2018-07-24-11-22-45+0800__CAM_FRONT__1532402929162460.jpg",
      "projected_points": 2843,
      "regions": 12,
      "owl_labels": {
        "barrier": 1,
        "bus": 1,
        "car": 8,
        "traffic light": 2
      },
      "final_labels": {
        "barrier": 1,
        "bus": 1,
        "car": 8,
        "traffic light": 2
      }
    },
    {
      "camera": "CAM_FRONT_LEFT",
      "image": "samples/CAM_FRONT_LEFT/n015-2018-07-24-11-22-45+0800__CAM_FRONT_LEFT__1532402929154844.jpg",
      "projected_points": 3437,
      "regions": 12,
      "owl_labels": {
        "person": 3,
        "trailer": 1,
        "truck": 8
      },
      "final_labels": {
        "pedestrian": 3,
        "trailer": 1,
        "truck": 8
      }
    },
    {
      "camera": "CAM_FRONT_RIGHT",
      "image": "samples/CAM_FRONT_RIGHT/n015-2018-07-24-11-22-45+0800__CAM_FRONT_RIGHT__1532402929170339.jpg",
      "projected_points": 3289,
      "regions": 4,
      "owl_labels": {
        "barrier": 2,
        "car": 2
      },
      "final_labels": {
        "barrier": 2,
        "car": 2
      }
    },
    {
      "camera": "CAM_BACK",
      "image": "samples/CAM_BACK/n015-2018-07-24-11-22-45+0800__CAM_BACK__1532402929187525.jpg",
      "projected_points": 4865,
      "regions": 0,
      "owl_labels": {},
      "final_labels": {}
    },
    {
      "camera": "CAM_BACK_LEFT",
      "image": "samples/CAM_BACK_LEFT/n015-2018-07-24-11-22-45+0800__CAM_BACK_LEFT__1532402929197423.jpg",
      "projected_points": 4531,
      "regions": 5,
      "owl_labels": {
        "person": 3,
        "truck": 2
      },
      "final_labels": {
        "pedestrian": 3,
        "truck": 2
      }
    },
    {
      "camera": "CAM_BACK_RIGHT",
      "image": "samples/CAM_BACK_RIGHT/n015-2018-07-24-11-22-45+0800__CAM_BACK_RIGHT__1532402929177893.jpg",
      "projected_points": 3284,
      "regions": 7,
      "owl_labels": {
        "barrier": 5,
        "road sign": 1,
        "traffic cone": 1
      },
      "final_labels": {
        "barrier": 5,
        "road sign": 1,
        "traffic cone": 1
      }
    }
  ],
  "outputs": {
    "bev_box": "outputs/ovsam3d_ablation_owl_merge_person_nuscenes_mini/sample_003/bev_box_open_vocab_labels.png",
    "bev_sam": "outputs/ovsam3d_ablation_owl_merge_person_nuscenes_mini/sample_003/bev_sam_open_vocab_labels.png",